id,first_name,last_name,email,date
1,Elsy,Grastye,egrastye0@diigo.com,5/29/2023
2,Margie,Cotillard,mcotillard1@abc.net.au,2/15/2023
3,Keene,MacLure,kmaclure2@ovh.net,2/10/2023
4,Alden,Glantz,aglantz3@businesswire.com,7/8/2023
5,Leda,Capineer,lcapineer4@blogs.com,8/22/2023
6,Maurizia,Scawton,mscawton5@guardian.co.uk,9/29/2023
7,Law,Dun,ldun6@sourceforge.net,12/14/2022
8,Any,Surtees,asurtees7@symantec.com,1/8/2023
9,Kay,Torresi,ktorresi8@mediafire.com,10/18/2022
10,Terrie,Finley,tfinley9@archive.org,11/26/2022
11,Sydney,Jonk,sjonka@microsoft.com,10/19/2022
12,Rowan,Rushmere,rrushmereb@com.com,1/27/2023
13,Gris,Geeritz,ggeeritzc@w3.org,8/1/2023
14,Babara,Bremner,bbremnerd@skype.com,3/13/2023
15,Eachelle,MacBrearty,emacbreartye@ebay.com,11/26/2022
16,Dusty,Josse,djossef@ed.gov,1/26/2023
17,Daryn,Derbyshire,dderbyshireg@si.edu,11/4/2022
18,Electra,Burgh,eburghh@printfriendly.com,7/11/2023
19,Raine,Normant,rnormanti@reuters.com,8/12/2023
20,Roberto,McCrea,rmccreaj@zdnet.com,9/1/2023
21,Pavlov,Scafe,pscafek@google.com.au,12/12/2022
22,Ainslie,Ragge,araggel@ezinearticles.com,2/12/2023
23,Barbra,Pavett,bpavettm@whitehouse.gov,12/17/2022
24,Peter,Biaggiotti,pbiaggiottin@fda.gov,2/15/2023
25,Yul,O'dell,yodello@skyrock.com,8/23/2023
26,Kassey,Paulitschke,kpaulitschkep@acquirethisname.com,3/2/2023
27,Anthiathia,Musk,amuskq@nationalgeographic.com,1/22/2023
28,Gunther,O'Duilleain,goduilleainr@dell.com,12/13/2022
29,Hugo,Hoppner,hhoppners@freewebs.com,1/1/2023
30,Antonina,Deesly,adeeslyt@huffingtonpost.com,6/8/2023
31,Donnell,Gleave,dgleaveu@webs.com,2/25/2023
32,Harlen,Foskett,hfoskettv@disqus.com,4/29/2023
33,Coriss,Somner,csomnerw@cyberchimps.com,3/24/2023
34,Edie,Glidder,eglidderx@meetup.com,7/5/2023
35,Libby,Knight,lknighty@noaa.gov,10/14/2022
36,Nikolos,Cartmael,ncartmaelz@cdc.gov,8/14/2023
37,Delmor,Late,dlate10@miibeian.gov.cn,11/3/2022
38,Garik,Nitti,gnitti11@ed.gov,6/8/2023
39,Dar,Etherington,detherington12@senate.gov,10/13/2022
40,Vivianna,Gerring,vgerring13@baidu.com,10/1/2022
41,Lowe,Node,lnode14@flavors.me,9/29/2023
42,Alan,Danher,adanher15@nydailynews.com,6/21/2023
43,Clotilda,Iverson,civerson16@mac.com,12/20/2022
44,Pearl,Kilban,pkilban17@mayoclinic.com,3/29/2023
45,Frasquito,Scandrett,fscandrett18@psu.edu,7/27/2023
46,Hermon,Blumson,hblumson19@mail.ru,3/13/2023
47,Sashenka,Ness,sness1a@1688.com,1/1/2023
48,Andres,Crossdale,acrossdale1b@diigo.com,4/11/2023
49,Guthry,Abbado,gabbado1c@trellian.com,7/29/2023
50,Moses,Aloshikin,maloshikin1d@51.la,8/31/2023
51,Glynis,Gooly,ggooly1e@about.com,5/20/2023
52,Aretha,Martello,amartello1f@ucsd.edu,12/4/2022
53,Shalom,Sainsbury,ssainsbury1g@nifty.com,12/24/2022
54,Konstance,Speachley,kspeachley1h@weibo.com,12/31/2022
55,Tanney,Pawlick,tpawlick1i@businessinsider.com,1/19/2023
56,Shirlee,Leathem,sleathem1j@state.tx.us,5/30/2023
57,Boris,A'Barrow,babarrow1k@chron.com,11/14/2022
58,Deck,Glasby,dglasby1l@canalblog.com,8/10/2023
59,Bartel,Durgan,bdurgan1m@nih.gov,12/21/2022
60,Clari,Quartley,cquartley1n@fastcompany.com,2/9/2023
61,Stacy,Pickthorn,spickthorn1o@unc.edu,3/9/2023
62,Malinda,Thieme,mthieme1p@cam.ac.uk,11/26/2022
63,Sherlock,Looks,slooks1q@latimes.com,5/7/2023
64,Isabeau,Macklam,imacklam1r@hp.com,7/18/2023
65,Warner,Tremblot,wtremblot1s@liveinternet.ru,11/23/2022
66,Grier,Yewdale,gyewdale1t@phpbb.com,11/24/2022
67,Elijah,Alforde,ealforde1u@unblog.fr,12/22/2022
68,Yorgo,Loudwell,yloudwell1v@homestead.com,4/19/2023
69,Laureen,Reddihough,lreddihough1w@cyberchimps.com,5/14/2023
70,Della,Griffitt,dgriffitt1x@europa.eu,9/12/2023
71,Bidget,Reuss,breuss1y@elegantthemes.com,6/29/2023
72,Marcelia,Edy,medy1z@blogs.com,4/10/2023
73,Vale,Lineker,vlineker20@time.com,1/28/2023
74,Rosaleen,Tidey,rtidey21@cloudflare.com,1/4/2023
75,Kaylee,Poytress,kpoytress22@businessweek.com,10/11/2022
76,Scarface,Robbey,srobbey23@gov.uk,9/29/2023
77,Charity,McAne,cmcane24@t-online.de,6/5/2023
78,Carma,Titchener,ctitchener25@unc.edu,7/4/2023
79,Mela,Ilson,milson26@state.gov,9/23/2023
80,Loren,Harrod,lharrod27@intel.com,3/18/2023
81,Justinn,Thor,jthor28@cbslocal.com,1/10/2023
82,Nola,Leinster,nleinster29@blinklist.com,10/27/2022
83,Samantha,Piggen,spiggen2a@youku.com,5/8/2023
84,Alyce,Goodrick,agoodrick2b@tripod.com,2/11/2023
85,Milka,Furlong,mfurlong2c@auda.org.au,12/5/2022
86,Corri,Canavan,ccanavan2d@exblog.jp,9/15/2023
87,Hale,Tourne,htourne2e@typepad.com,8/14/2023
88,Terza,Dorgon,tdorgon2f@fastcompany.com,7/29/2023
89,Frederigo,Wrathall,fwrathall2g@imageshack.us,9/13/2023
90,Garry,Roddie,groddie2h@jugem.jp,12/19/2022
91,Joyous,Georges,jgeorges2i@e-recht24.de,11/29/2022
92,Nerty,Gidman,ngidman2j@foxnews.com,2/11/2023
93,Chaddy,Marushak,cmarushak2k@imageshack.us,11/4/2022
94,Berke,Castelli,bcastelli2l@wordpress.org,7/11/2023
95,Boone,Enden,benden2m@pcworld.com,10/24/2022
96,Leda,Brand,lbrand2n@youtu.be,11/30/2022
97,Amargo,Sorrie,asorrie2o@ehow.com,7/31/2023
98,Michaeline,Chagg,mchagg2p@blogspot.com,1/27/2023
99,Ardith,Hakewell,ahakewell2q@home.pl,2/3/2023
100,Bone,Popov,bpopov2r@cmu.edu,1/10/2023
